observed_at_utc,center_id,school,tenant,brand,families,classrooms,enrolled_children,enrolled_classroom_gap,eligible_guardians,email_guardians,linked_guardians,pin_guardians,app_auth_matched,invalid_guardian_links,staff_profiles,active_staff,active_staff_auth_matched,active_staff_auth_missing,director_grants,teacher_grants,billing_grants,checkins_since_sep29,checkouts_since_sep29,pin_checkins_since_sep29,invitation_delivered_since_sep29,invitation_failed_since_sep29,reports_since_sep29,media_since_sep29,structural_classification,positive_parent_access,password_reset,positive_teacher_access,report_and_attachment_ui,cross_school_denial
"2026-10-06T20:05:08Z","cmp4ew6st000g6alw757z6u2s","Kid City USA - Altamonte - Douglas","Kid City USA","Kid City USA","0","0","0","0","0","0","0","0","0","0","1","1","1","0","1","0","0","0","0","0","0","0","0","0","SETUP_REVIEW","UNVERIFIED","UNVERIFIED","UNVERIFIED","UNVERIFIED","UNVERIFIED"
"2026-10-06T20:05:08Z","cmp4ew72b000k6alwbum0c0vi","Kid City USA - Altamonte - Maitland","Kid City USA","Kid City USA","0","0","0","0","0","0","0","0","0","0","1","1","1","0","1","0","0","0","0","0","0","0","0","0","SETUP_REVIEW","UNVERIFIED","UNVERIFIED","UNVERIFIED","UNVERIFIED","UNVERIFIED"
"2026-10-06T20:05:08Z","cmp4ew76w000m6alwtie1qhxe","Kid City USA - Apopka","Kid City USA","Kid City USA","0","0","0","0","0","0","0","0","0","0","1","1","1","0","1","0","0","0","0","0","0","0","0","0","SETUP_REVIEW","UNVERIFIED","UNVERIFIED","UNVERIFIED","UNVERIFIED","UNVERIFIED"
"2026-10-06T20:05:08Z","cmp4ewd6p00386alw2ngcihed","Kid City USA - Avon","Kid City USA","Kid City USA","85","8","54","0","47","45","43","43","43","0","1","1","1","0","1","0","0","0","0","0","0","0","0","0","ACCESS_REVIEW","UNVERIFIED","UNVERIFIED","UNVERIFIED","UNVERIFIED","UNVERIFIED"
"2026-10-06T20:05:08Z","cmp4ewdba003a6alw43uemp4p","Kid City USA - Bargersville","Kid City USA","Kid City USA","0","0","0","0","0","0","0","0","0","0","1","1","1","0","1","0","0","0","0","0","0","0","0","0","SETUP_REVIEW","UNVERIFIED","UNVERIFIED","UNVERIFIED","UNVERIFIED","UNVERIFIED"
"2026-10-06T20:05:08Z","cmp4ewg4a004i6alwl5c6i3w4","Kid City USA - Canton","Kid City USA","Kid City USA","74","12","81","0","78","68","67","75","67","0","16","16","16","0","1","15","1","0","0","0","1","0","0","0","ACCESS_REVIEW","UNVERIFIED","UNVERIFIED","UNVERIFIED","UNVERIFIED","UNVERIFIED"
"2026-10-06T20:05:08Z","cmp4ew7fz000q6alwvx1vh3mc","Kid City USA - College Park","Kid City USA","Kid City USA","0","0","0","0","0","0","0","0","0","0","1","1","1","0","1","0","0","0","0","0","0","0","0","0","SETUP_REVIEW","UNVERIFIED","UNVERIFIED","UNVERIFIED","UNVERIFIED","UNVERIFIED"
"2026-10-06T20:05:08Z","cmp4ewgi3004o6alw0i7lmh9b","Kid City USA - Columbia","Kid City USA","Kid City USA","0","0","0","0","0","0","0","0","0","0","1","1","1","0","1","0","0","0","0","0","0","0","0","0","SETUP_REVIEW","UNVERIFIED","UNVERIFIED","UNVERIFIED","UNVERIFIED","UNVERIFIED"
"2026-10-06T20:05:08Z","cmp4ew5yx00046alw8i1yf63m","Kid City USA - Cordera (Colorado Springs)","Kid City USA","Kid City USA","402","6","29","0","37","36","28","29","28","0","7","1","1","0","1","0","0","0","0","0","0","0","0","0","ACCESS_REVIEW","UNVERIFIED","UNVERIFIED","UNVERIFIED","UNVERIFIED","UNVERIFIED"
"2026-10-06T20:05:08Z","85f871b5-b20d-4107-b5de-91d3014a1fb0","Kid City USA - Corpus Christi","Kid City USA","Kid City USA","81","6","38","0","58","29","28","28","28","0","1","1","1","0","1","0","1","0","0","0","0","0","0","0","ACCESS_REVIEW","UNVERIFIED","UNVERIFIED","UNVERIFIED","UNVERIFIED","UNVERIFIED"
"2026-10-06T20:05:08Z","cmp4ew7p4000u6alwntfmvr32","Kid City USA - Daytona Beach East","Kid City USA","Kid City USA","0","0","0","0","0","0","0","0","0","0","1","1","1","0","1","0","0","0","0","0","0","0","0","0","SETUP_REVIEW","UNVERIFIED","UNVERIFIED","UNVERIFIED","UNVERIFIED","UNVERIFIED"
"2026-10-06T20:05:08Z","cmp4ew82u00106alwa5jib9bn","Kid City USA - Deltona - Howland","Kid City USA","Kid City USA","0","0","0","0","0","0","0","0","0","0","1","1","1","0","2","0","0","0","0","0","0","0","0","0","SETUP_REVIEW","UNVERIFIED","UNVERIFIED","UNVERIFIED","UNVERIFIED","UNVERIFIED"
"2026-10-06T20:05:08Z","cmp4ewhge00526alw7t62nwg4","Kid City USA - Granbury","Kid City USA","Kid City USA","253","7","92","0","114","107","105","110","105","0","1","1","1","0","1","0","1","0","0","0","7","0","0","0","ACCESS_REVIEW","UNVERIFIED","UNVERIFIED","UNVERIFIED","UNVERIFIED","UNVERIFIED"
"2026-10-06T20:05:08Z","cmp4ewe7i003o6alworuhvudg","Kid City USA - Greenwood","Kid City USA","Kid City USA","53","10","71","0","87","70","65","65","65","0","151","23","23","0","1","22","0","0","0","0","0","0","0","0","ACCESS_REVIEW","UNVERIFIED","UNVERIFIED","UNVERIFIED","UNVERIFIED","UNVERIFIED"
"2026-10-06T20:05:08Z","cmp4ew6ai00086alwrlz0h8e2","Kid City USA - Highlands Ranch","Kid City USA","Kid City USA","0","0","0","0","0","0","0","0","0","0","1","1","1","0","1","0","0","0","0","0","0","0","0","0","SETUP_REVIEW","UNVERIFIED","UNVERIFIED","UNVERIFIED","UNVERIFIED","UNVERIFIED"
"2026-10-06T20:05:08Z","cmp4ew8u4001c6alwq674ue16","Kid City USA - Holly Hill","Kid City USA","Kid City USA","299","9","102","0","108","98","89","94","89","0","18","18","18","0","1","17","1","0","0","0","0","0","0","0","ACCESS_REVIEW","UNVERIFIED","UNVERIFIED","UNVERIFIED","UNVERIFIED","UNVERIFIED"
"2026-10-06T20:05:08Z","cmp4ewegp003s6alwi14wz7ao","Kid City USA - Jasper - Baden Strasse","Kid City USA","Kid City USA","0","0","0","0","0","0","0","0","0","0","1","1","1","0","1","0","0","0","0","0","0","0","0","0","SETUP_REVIEW","UNVERIFIED","UNVERIFIED","UNVERIFIED","UNVERIFIED","UNVERIFIED"
"2026-10-06T20:05:08Z","cmp4ewec5003q6alwuwmakk73","Kid City USA - Jasper - Truman","Kid City USA","Kid City USA","1023","8","109","1","157","142","136","148","136","0","1","1","1","0","1","0","0","0","0","0","0","0","0","0","INTEGRITY_REVIEW","UNVERIFIED","UNVERIFIED","UNVERIFIED","UNVERIFIED","UNVERIFIED"
"2026-10-06T20:05:08Z","cmp4ewela003u6alw9ii7uffs","Kid City USA - Kokomo","Kid City USA","Kid City USA","38","12","41","0","56","53","53","52","53","0","23","15","15","0","1","20","1","200","164","191","11","0","597","32","ACCESS_REVIEW","UNVERIFIED","UNVERIFIED","UNVERIFIED","UNVERIFIED","UNVERIFIED"
"2026-10-06T20:05:08Z","cmp4ew9lm001o6alw934xok6n","Kid City USA - Lake City","Kid City USA","Kid City USA","0","0","0","0","0","0","0","0","0","0","1","1","1","0","1","0","0","0","0","0","0","0","0","0","SETUP_REVIEW","UNVERIFIED","UNVERIFIED","UNVERIFIED","UNVERIFIED","UNVERIFIED"
"2026-10-06T20:05:08Z","cmp4ewgmn004q6alwozvb8z1x","Kid City USA - Lewisburg","Kid City USA","Kid City USA","0","0","0","0","0","0","0","0","0","0","1","1","1","0","1","0","0","0","0","0","0","0","0","0","SETUP_REVIEW","UNVERIFIED","UNVERIFIED","UNVERIFIED","UNVERIFIED","UNVERIFIED"
"2026-10-06T20:05:08Z","cmp4ewez100406alw1j1p3f24","Kid City USA - Meridian Park","Kid City USA","Kid City USA","0","0","0","0","0","0","0","0","0","0","0","0","0","0","0","0","0","0","0","0","0","0","0","0","SETUP_REVIEW","UNVERIFIED","UNVERIFIED","UNVERIFIED","UNVERIFIED","UNVERIFIED"
"2026-10-06T20:05:08Z","cmp4ewam900246alw26u8gauh","Kid City USA - Middleburg","Kid City USA","Kid City USA","0","0","0","0","0","0","0","0","0","0","1","1","1","0","1","0","0","0","0","0","0","0","0","0","SETUP_REVIEW","UNVERIFIED","UNVERIFIED","UNVERIFIED","UNVERIFIED","UNVERIFIED"
"2026-10-06T20:05:08Z","cmp4ewhbt00506alwam35am12","Kid City USA - North Richland Hills","Kid City USA","Kid City USA","0","0","0","0","0","0","0","0","0","0","1","1","1","0","1","0","1","0","0","0","0","0","0","0","SETUP_REVIEW","UNVERIFIED","UNVERIFIED","UNVERIFIED","UNVERIFIED","UNVERIFIED"
"2026-10-06T20:05:08Z","cmp4ewjoi005y6alwxsubxzfj","Kid City USA - NV | Las Vegas 2 - Bonanza","Kid City USA","Kid City USA","0","0","0","0","0","0","0","0","0","0","0","0","0","0","0","0","0","0","0","0","0","0","0","0","SETUP_REVIEW","UNVERIFIED","UNVERIFIED","UNVERIFIED","UNVERIFIED","UNVERIFIED"
"2026-10-06T20:05:08Z","cmp4ew9h2001m6alwxssr4wr6","Kid City USA - Oakleaf","Kid City USA","Kid City USA","58","17","54","0","55","48","41","48","41","0","4","4","4","0","1","3","1","0","0","0","0","0","0","0","ACCESS_REVIEW","UNVERIFIED","UNVERIFIED","UNVERIFIED","UNVERIFIED","UNVERIFIED"
"2026-10-06T20:05:08Z","cmp4ewb4i002c6alwysmwtm7x","Kid City USA - Oviedo","Kid City USA","Kid City USA","0","0","0","0","0","0","0","0","0","0","1","1","1","0","1","0","0","0","0","0","0","0","0","0","SETUP_REVIEW","UNVERIFIED","UNVERIFIED","UNVERIFIED","UNVERIFIED","UNVERIFIED"
"2026-10-06T20:05:08Z","cmp4ewkfu006a6alwld3k89qd","Kid City USA - Paradise","Kid City USA","Kid City USA","29","5","37","0","63","53","48","52","48","0","1","1","1","0","1","0","0","0","0","0","0","0","0","0","ACCESS_REVIEW","UNVERIFIED","UNVERIFIED","UNVERIFIED","UNVERIFIED","UNVERIFIED"
"2026-10-06T20:05:08Z","cmp4ewf8500446alwfm6uywyl","Kid City USA - Petersburg","Kid City USA","Kid City USA","133","6","37","0","50","42","40","44","40","0","3","1","1","0","1","0","0","0","0","0","0","0","0","0","ACCESS_REVIEW","UNVERIFIED","UNVERIFIED","UNVERIFIED","UNVERIFIED","UNVERIFIED"
"2026-10-06T20:05:08Z","cmp4ewg8w004k6alwid0bwiur","Kid City USA - Pisgah Forest","Kid City USA","Kid City USA","130","10","56","0","75","69","62","62","62","0","21","20","20","0","1","20","1","5","3","5","0","0","0","0","ACCESS_REVIEW","UNVERIFIED","UNVERIFIED","UNVERIFIED","UNVERIFIED","UNVERIFIED"
"2026-10-06T20:05:08Z","cmp4ewfco00466alwfh81g3pk","Kid City USA - Plainfield","Kid City USA","Kid City USA","0","0","0","0","0","0","0","0","0","0","0","0","0","0","0","0","0","0","0","0","0","0","0","0","SETUP_REVIEW","UNVERIFIED","UNVERIFIED","UNVERIFIED","UNVERIFIED","UNVERIFIED"
"2026-10-06T20:05:08Z","cmp4ewgr7004s6alwakomupve","Kid City USA - Pulaski TN","Kid City USA","Kid City USA","0","0","0","0","0","0","0","0","0","0","1","1","1","0","1","0","0","0","0","0","0","0","0","0","SETUP_REVIEW","UNVERIFIED","UNVERIFIED","UNVERIFIED","UNVERIFIED","UNVERIFIED"
"2026-10-06T20:05:08Z","cmp4ewca2002u6alw7c4lrusd","Kid City USA - Sarasota","Kid City USA","Kid City USA","57","12","45","0","70","65","53","67","53","0","1","1","1","0","1","0","0","0","0","0","0","0","0","0","ACCESS_REVIEW","UNVERIFIED","UNVERIFIED","UNVERIFIED","UNVERIFIED","UNVERIFIED"
"2026-10-06T20:05:08Z","cmp4ewgvt004u6alwe93flawm","Kid City USA - Soddy Daisy","Kid City USA","Kid City USA","0","0","0","0","0","0","0","0","0","0","1","1","1","0","1","0","0","0","0","0","0","0","0","0","SETUP_REVIEW","UNVERIFIED","UNVERIFIED","UNVERIFIED","UNVERIFIED","UNVERIFIED"
"2026-10-06T20:05:08Z","cmp4ewfha00486alwwab1t4et","Kid City USA - Southpointe","Kid City USA","Kid City USA","30","8","40","0","53","40","38","38","38","0","65","15","15","0","1","14","0","0","0","0","0","0","0","0","ACCESS_REVIEW","UNVERIFIED","UNVERIFIED","UNVERIFIED","UNVERIFIED","UNVERIFIED"
"2026-10-06T20:05:08Z","cmp4ewcem002w6alw58wkkhfw","Kid City USA - St. Cloud","Kid City USA","Kid City USA","0","0","0","0","0","0","0","0","0","0","1","1","1","0","1","0","0","0","0","0","0","0","0","0","SETUP_REVIEW","UNVERIFIED","UNVERIFIED","UNVERIFIED","UNVERIFIED","UNVERIFIED"
"2026-10-06T20:05:08Z","cmp4ewcoh00306alwp76sanze","Kid City USA - Vero Beach","Kid City USA","Kid City USA","0","0","0","0","0","0","0","0","0","0","0","0","0","0","1","0","0","0","0","0","0","0","0","0","SETUP_REVIEW","UNVERIFIED","UNVERIFIED","UNVERIFIED","UNVERIFIED","UNVERIFIED"
"2026-10-06T20:05:08Z","cmp4ewa8h001y6alwqpdf40d4","Kid City USA - Wekiva","Kid City USA","Kid City USA","0","0","0","0","0","0","0","0","0","0","1","1","1","0","1","0","0","0","0","0","0","0","0","0","SETUP_REVIEW","UNVERIFIED","UNVERIFIED","UNVERIFIED","UNVERIFIED","UNVERIFIED"
"2026-10-06T20:05:08Z","cmp4ewflx004a6alw8gwkmbds","Kid City USA - Westfield","Kid City USA","Kid City USA","0","0","0","0","0","0","0","0","0","0","1","1","1","0","1","0","0","0","0","0","0","0","0","0","SETUP_REVIEW","UNVERIFIED","UNVERIFIED","UNVERIFIED","UNVERIFIED","UNVERIFIED"
"2026-10-06T20:05:08Z","cmp4ewfqi004c6alw3cwwv99c","Kid City USA - Whitestown","Kid City USA","Kid City USA","0","0","0","0","0","0","0","0","0","0","1","1","1","0","1","0","0","0","0","0","0","0","0","0","SETUP_REVIEW","UNVERIFIED","UNVERIFIED","UNVERIFIED","UNVERIFIED","UNVERIFIED"
"2026-10-06T20:05:08Z","cmp4ewct200326alw0pv1b74a","Kid City USA - Winter Park","Kid City USA","Kid City USA","0","0","0","0","0","0","0","0","0","0","1","1","1","0","1","0","0","0","0","0","0","0","0","0","SETUP_REVIEW","UNVERIFIED","UNVERIFIED","UNVERIFIED","UNVERIFIED","UNVERIFIED"
"2026-10-06T20:05:08Z","cmp4ewcxl00346alwc6i7gbh0","Kid City USA - Winter Springs","Kid City USA","Kid City USA","943","17","112","0","136","132","116","116","116","0","1","1","1","0","1","0","0","0","0","0","0","0","0","0","ACCESS_REVIEW","UNVERIFIED","UNVERIFIED","UNVERIFIED","UNVERIFIED","UNVERIFIED"
"2026-10-06T20:05:08Z","cmp4ew6o9000e6alwr3pjnm9p","Kid City USA - Woodland Park - East Midland","Kid City USA","Kid City USA","0","0","0","0","0","0","0","0","0","0","1","1","1","0","1","0","0","0","0","0","0","0","0","0","SETUP_REVIEW","UNVERIFIED","UNVERIFIED","UNVERIFIED","UNVERIFIED","UNVERIFIED"
"2026-10-06T20:05:08Z","cms3g2the000i6a7wdd8pa20s","Miss Honey's Learning Center - Centennial","Miss Honey's Learning Center","Miss Honey's Learning Center","122","7","56","0","87","85","81","80","81","0","14","14","0","14","1","14","0","0","0","0","2","0","0","0","ACCESS_REVIEW","UNVERIFIED","UNVERIFIED","UNVERIFIED","UNVERIFIED","UNVERIFIED"
"2026-10-06T20:05:08Z","cms3hhqit00086axsxu1eidip","Miss Honey's Learning Center - Cuzco","Miss Honey's Learning Center","Miss Honey's Learning Center","0","0","0","0","0","0","0","0","0","0","0","0","0","0","1","0","0","0","0","0","0","0","0","0","SETUP_REVIEW","UNVERIFIED","UNVERIFIED","UNVERIFIED","UNVERIFIED","UNVERIFIED"
