"school","center_id","state","families","children","billing_enabled","operator_records","auth_linked_operators","latest_import","latest_import_status","readiness","setup_owner","source_reports","next_step","approval_gates"
"Kid City USA - Altamonte - Douglas","cmp4ew6st000g6alw757z6u2s","active","0","0","not enabled","1","1","none","none","UNVERIFIED","School director + BEE implementation + finance reviewer; named ownership awaiting confirmation","Current source completeness and school signoff not certified","Obtain unchanged reports, expected counts and opening balance date; preview only","Import commit; invitation/access/PIN; billing; cutover; source archival require exact approvals"
"Kid City USA - Altamonte - Maitland","cmp4ew72b000k6alwbum0c0vi","active","0","0","not enabled","1","1","none","none","UNVERIFIED","School director + BEE implementation + finance reviewer; named ownership awaiting confirmation","Current source completeness and school signoff not certified","Obtain unchanged reports, expected counts and opening balance date; preview only","Import commit; invitation/access/PIN; billing; cutover; source archival require exact approvals"
"Kid City USA - Apopka","cmp4ew76w000m6alwtie1qhxe","active","0","0","not enabled","1","1","none","none","UNVERIFIED","School director + BEE implementation + finance reviewer; named ownership awaiting confirmation","Current source completeness and school signoff not certified","Obtain unchanged reports, expected counts and opening balance date; preview only","Import commit; invitation/access/PIN; billing; cutover; source archival require exact approvals"
"Kid City USA - Avon","cmp4ewd6p00386alw2ngcihed","active","85","105","not enabled","1","1","2026-08-03 23:28:24.433","completed_with_held_rows","UNVERIFIED","School director + BEE implementation + finance reviewer; named ownership awaiting confirmation","Current source completeness and school signoff not certified","Continue existing migration; obtain unchanged reports and reconcile counts, relationships, tuition and balances","Import commit; invitation/access/PIN; billing; cutover; source archival require exact approvals"
"Kid City USA - Bargersville","cmp4ewdba003a6alw43uemp4p","active","0","0","not enabled","1","1","none","none","UNVERIFIED","School director + BEE implementation + finance reviewer; named ownership awaiting confirmation","Current source completeness and school signoff not certified","Obtain unchanged reports, expected counts and opening balance date; preview only","Import commit; invitation/access/PIN; billing; cutover; source archival require exact approvals"
"Kid City USA - Canton","cmp4ewg4a004i6alwl5c6i3w4","active","74","86","true","1","1","2026-07-31 01:36:46.036","completed","UNVERIFIED","School director + BEE implementation + finance reviewer; named ownership awaiting confirmation","Current source completeness and school signoff not certified","Continue existing migration; obtain unchanged reports and reconcile counts, relationships, tuition and balances","Import commit; invitation/access/PIN; billing; cutover; source archival require exact approvals"
"Kid City USA - College Park","cmp4ew7fz000q6alwvx1vh3mc","active","0","0","not enabled","1","1","none","none","UNVERIFIED","School director + BEE implementation + finance reviewer; named ownership awaiting confirmation","Current source completeness and school signoff not certified","Obtain unchanged reports, expected counts and opening balance date; preview only","Import commit; invitation/access/PIN; billing; cutover; source archival require exact approvals"
"Kid City USA - Columbia","cmp4ewgi3004o6alw0i7lmh9b","active","0","0","not enabled","1","1","none","none","UNVERIFIED","School director + BEE implementation + finance reviewer; named ownership awaiting confirmation","Current source completeness and school signoff not certified","Obtain unchanged reports, expected counts and opening balance date; preview only","Import commit; invitation/access/PIN; billing; cutover; source archival require exact approvals"
"Kid City USA - Cordera (Colorado Springs)","cmp4ew5yx00046alw8i1yf63m","active","402","471","true","1","1","2026-07-23 20:49:37.58","processing","UNVERIFIED","School director + BEE implementation + finance reviewer; named ownership awaiting confirmation","Current source completeness and school signoff not certified","Continue existing migration; obtain unchanged reports and reconcile counts, relationships, tuition and balances","Import commit; invitation/access/PIN; billing; cutover; source archival require exact approvals"
"Kid City USA - Corpus Christi","85f871b5-b20d-4107-b5de-91d3014a1fb0","active","81","50","true","1","1","2026-07-27 19:08:25.762","completed_with_errors","UNVERIFIED","School director + BEE implementation + finance reviewer; named ownership awaiting confirmation","Current source completeness and school signoff not certified","Continue existing migration; obtain unchanged reports and reconcile counts, relationships, tuition and balances","Import commit; invitation/access/PIN; billing; cutover; source archival require exact approvals"
"Kid City USA - Daytona Beach East","cmp4ew7p4000u6alwntfmvr32","active","0","0","not enabled","1","1","none","none","UNVERIFIED","School director + BEE implementation + finance reviewer; named ownership awaiting confirmation","Current source completeness and school signoff not certified","Obtain unchanged reports, expected counts and opening balance date; preview only","Import commit; invitation/access/PIN; billing; cutover; source archival require exact approvals"
"Kid City USA - Deltona - Howland","cmp4ew82u00106alwa5jib9bn","active","0","0","not enabled","2","2","none","none","UNVERIFIED","School director + BEE implementation + finance reviewer; named ownership awaiting confirmation","Current source completeness and school signoff not certified","Obtain unchanged reports, expected counts and opening balance date; preview only","Import commit; invitation/access/PIN; billing; cutover; source archival require exact approvals"
"Kid City USA - Granbury","cmp4ewhge00526alw7t62nwg4","active","253","229","true","1","1","2026-07-29 21:06:21.246","completed_with_errors","UNVERIFIED","School director + BEE implementation + finance reviewer; named ownership awaiting confirmation","Current source completeness and school signoff not certified","ACH capability review and exact financial review; preserve processing payments","Import commit; invitation/access/PIN; billing; cutover; source archival require exact approvals"
"Kid City USA - Greenwood","cmp4ewe7i003o6alworuhvudg","active","53","71","true","1","1","2026-08-07 12:49:24.398","completed_with_held_rows","UNVERIFIED","School director + BEE implementation + finance reviewer; named ownership awaiting confirmation","Current source completeness and school signoff not certified","Continue existing migration; obtain unchanged reports and reconcile counts, relationships, tuition and balances","Import commit; invitation/access/PIN; billing; cutover; source archival require exact approvals"
"Kid City USA - Highlands Ranch","cmp4ew6ai00086alwrlz0h8e2","active","0","0","true","1","1","none","none","UNVERIFIED","School director + BEE implementation + finance reviewer; named ownership awaiting confirmation","Current source completeness and school signoff not certified","Obtain unchanged reports, expected counts and opening balance date; preview only","Import commit; invitation/access/PIN; billing; cutover; source archival require exact approvals"
"Kid City USA - Holly Hill","cmp4ew8u4001c6alwq674ue16","active","299","140","true","1","1","2026-07-29 16:19:05.042","completed","UNVERIFIED","School director + BEE implementation + finance reviewer; named ownership awaiting confirmation","Current source completeness and school signoff not certified","Continue existing migration; obtain unchanged reports and reconcile counts, relationships, tuition and balances","Import commit; invitation/access/PIN; billing; cutover; source archival require exact approvals"
"Kid City USA - Jasper - Baden Strasse","cmp4ewegp003s6alwi14wz7ao","active","0","0","not enabled","1","1","none","none","UNVERIFIED","School director + BEE implementation + finance reviewer; named ownership awaiting confirmation","Current source completeness and school signoff not certified","Obtain unchanged reports, expected counts and opening balance date; preview only","Import commit; invitation/access/PIN; billing; cutover; source archival require exact approvals"
"Kid City USA - Jasper - Truman","cmp4ewec5003q6alwuwmakk73","active","1023","1341","not enabled","1","1","2026-08-02 02:24:37.775","completed_with_review_items","UNVERIFIED","School director + BEE implementation + finance reviewer; named ownership awaiting confirmation","Current source completeness and school signoff not certified","Continue existing migration; obtain unchanged reports and reconcile counts, relationships, tuition and balances","Import commit; invitation/access/PIN; billing; cutover; source archival require exact approvals"
"Kid City USA - Kokomo","cmp4ewela003u6alw9ii7uffs","active","38","60","true","1","1","none","none","UNVERIFIED","School director + BEE implementation + finance reviewer; named ownership awaiting confirmation","Current source completeness and school signoff not certified","Existing operator must demonstrate authorized attendance and media workflows; supply exact failing examples","Import commit; invitation/access/PIN; billing; cutover; source archival require exact approvals"
"Kid City USA - Lake City","cmp4ew9lm001o6alw934xok6n","active","0","0","not enabled","1","1","none","none","UNVERIFIED","School director + BEE implementation + finance reviewer; named ownership awaiting confirmation","Current source completeness and school signoff not certified","Obtain unchanged reports, expected counts and opening balance date; preview only","Import commit; invitation/access/PIN; billing; cutover; source archival require exact approvals"
"Kid City USA - Lewisburg","cmp4ewgmn004q6alwozvb8z1x","active","0","0","not enabled","1","1","none","none","UNVERIFIED","School director + BEE implementation + finance reviewer; named ownership awaiting confirmation","Current source completeness and school signoff not certified","Obtain unchanged reports, expected counts and opening balance date; preview only","Import commit; invitation/access/PIN; billing; cutover; source archival require exact approvals"
"Kid City USA - Meridian Park","cmp4ewez100406alw1j1p3f24","active","0","0","not enabled","0","0","none","none","BLOCKED","School director + BEE implementation + finance reviewer; named ownership awaiting confirmation","Current source completeness and school signoff not certified","Obtain unchanged reports, expected counts and opening balance date; preview only","Import commit; invitation/access/PIN; billing; cutover; source archival require exact approvals"
"Kid City USA - Middleburg","cmp4ewam900246alw26u8gauh","active","0","0","true","1","1","none","none","UNVERIFIED","School director + BEE implementation + finance reviewer; named ownership awaiting confirmation","Current source completeness and school signoff not certified","Obtain unchanged reports, expected counts and opening balance date; preview only","Import commit; invitation/access/PIN; billing; cutover; source archival require exact approvals"
"Kid City USA - North Richland Hills","cmp4ewhbt00506alwam35am12","active","0","0","true","1","1","none","none","UNVERIFIED","School director + BEE implementation + finance reviewer; named ownership awaiting confirmation","Current source completeness and school signoff not certified","Obtain unchanged reports, expected counts and opening balance date; preview only","Import commit; invitation/access/PIN; billing; cutover; source archival require exact approvals"
"Kid City USA - NV | Las Vegas 2 - Bonanza","cmp4ewjoi005y6alwxsubxzfj","active","0","0","not enabled","0","0","none","none","BLOCKED","School director + BEE implementation + finance reviewer; named ownership awaiting confirmation","Current source completeness and school signoff not certified","Obtain unchanged reports, expected counts and opening balance date; preview only","Import commit; invitation/access/PIN; billing; cutover; source archival require exact approvals"
"Kid City USA - Oakleaf","cmp4ew9h2001m6alwxssr4wr6","active","58","74","true","1","1","2026-07-31 01:24:12.309","completed","UNVERIFIED","School director + BEE implementation + finance reviewer; named ownership awaiting confirmation","Current source completeness and school signoff not certified","Continue existing migration; obtain unchanged reports and reconcile counts, relationships, tuition and balances","Import commit; invitation/access/PIN; billing; cutover; source archival require exact approvals"
"Kid City USA - Oviedo","cmp4ewb4i002c6alwysmwtm7x","active","0","0","not enabled","1","1","none","none","UNVERIFIED","School director + BEE implementation + finance reviewer; named ownership awaiting confirmation","Current source completeness and school signoff not certified","Obtain unchanged reports, expected counts and opening balance date; preview only","Import commit; invitation/access/PIN; billing; cutover; source archival require exact approvals"
"Kid City USA - Paradise","cmp4ewkfu006a6alwld3k89qd","active","29","37","not enabled","1","1","2026-07-27 19:06:24.551","completed_with_errors","UNVERIFIED","School director + BEE implementation + finance reviewer; named ownership awaiting confirmation","Current source completeness and school signoff not certified","Continue existing migration; obtain unchanged reports and reconcile counts, relationships, tuition and balances","Import commit; invitation/access/PIN; billing; cutover; source archival require exact approvals"
"Kid City USA - Petersburg","cmp4ewf8500446alwfm6uywyl","active","133","155","true","1","1","2026-07-30 11:47:32.72","completed_with_errors","UNVERIFIED","School director + BEE implementation + finance reviewer; named ownership awaiting confirmation","Current source completeness and school signoff not certified","Continue existing migration; obtain unchanged reports and reconcile counts, relationships, tuition and balances","Import commit; invitation/access/PIN; billing; cutover; source archival require exact approvals"
"Kid City USA - Pisgah Forest","cmp4ewg8w004k6alwid0bwiur","active","130","152","true","1","1","2026-07-30 11:47:08.125","completed_with_errors","UNVERIFIED","School director + BEE implementation + finance reviewer; named ownership awaiting confirmation","Current source completeness and school signoff not certified","Continue existing migration; obtain unchanged reports and reconcile counts, relationships, tuition and balances","Import commit; invitation/access/PIN; billing; cutover; source archival require exact approvals"
"Kid City USA - Plainfield","cmp4ewfco00466alwfh81g3pk","active","0","0","not enabled","0","0","none","none","BLOCKED","School director + BEE implementation + finance reviewer; named ownership awaiting confirmation","Current source completeness and school signoff not certified","Obtain unchanged reports, expected counts and opening balance date; preview only","Import commit; invitation/access/PIN; billing; cutover; source archival require exact approvals"
"Kid City USA - Pulaski TN","cmp4ewgr7004s6alwakomupve","active","0","0","not enabled","1","1","none","none","UNVERIFIED","School director + BEE implementation + finance reviewer; named ownership awaiting confirmation","Current source completeness and school signoff not certified","Obtain unchanged reports, expected counts and opening balance date; preview only","Import commit; invitation/access/PIN; billing; cutover; source archival require exact approvals"
"Kid City USA - Sarasota","cmp4ewca2002u6alw7c4lrusd","active","57","61","not enabled","1","1","2026-07-29 16:28:33.284","completed","UNVERIFIED","School director + BEE implementation + finance reviewer; named ownership awaiting confirmation","Current source completeness and school signoff not certified","Continue existing migration; obtain unchanged reports and reconcile counts, relationships, tuition and balances","Import commit; invitation/access/PIN; billing; cutover; source archival require exact approvals"
"Kid City USA - Soddy Daisy","cmp4ewgvt004u6alwe93flawm","active","0","0","not enabled","1","1","none","none","UNVERIFIED","School director + BEE implementation + finance reviewer; named ownership awaiting confirmation","Current source completeness and school signoff not certified","Obtain unchanged reports, expected counts and opening balance date; preview only","Import commit; invitation/access/PIN; billing; cutover; source archival require exact approvals"
"Kid City USA - Southpointe","cmp4ewfha00486alwwab1t4et","active","30","40","true","1","1","2026-08-07 12:49:26.686","completed_with_held_rows","UNVERIFIED","School director + BEE implementation + finance reviewer; named ownership awaiting confirmation","Current source completeness and school signoff not certified","Continue existing migration; obtain unchanged reports and reconcile counts, relationships, tuition and balances","Import commit; invitation/access/PIN; billing; cutover; source archival require exact approvals"
"Kid City USA - St. Cloud","cmp4ewcem002w6alw58wkkhfw","active","0","0","not enabled","1","1","none","none","UNVERIFIED","School director + BEE implementation + finance reviewer; named ownership awaiting confirmation","Current source completeness and school signoff not certified","Obtain unchanged reports, expected counts and opening balance date; preview only","Import commit; invitation/access/PIN; billing; cutover; source archival require exact approvals"
"Kid City USA - Vero Beach","cmp4ewcoh00306alwp76sanze","active","0","0","not enabled","1","1","none","none","UNVERIFIED","School director + BEE implementation + finance reviewer; named ownership awaiting confirmation","Current source completeness and school signoff not certified","Obtain unchanged reports, expected counts and opening balance date; preview only","Import commit; invitation/access/PIN; billing; cutover; source archival require exact approvals"
"Kid City USA - Wekiva","cmp4ewa8h001y6alwqpdf40d4","active","0","0","not enabled","1","1","none","none","UNVERIFIED","School director + BEE implementation + finance reviewer; named ownership awaiting confirmation","Current source completeness and school signoff not certified","Obtain unchanged reports, expected counts and opening balance date; preview only","Import commit; invitation/access/PIN; billing; cutover; source archival require exact approvals"
"Kid City USA - Westfield","cmp4ewflx004a6alw8gwkmbds","active","0","0","not enabled","1","1","none","none","UNVERIFIED","School director + BEE implementation + finance reviewer; named ownership awaiting confirmation","Current source completeness and school signoff not certified","Obtain unchanged reports, expected counts and opening balance date; preview only","Import commit; invitation/access/PIN; billing; cutover; source archival require exact approvals"
"Kid City USA - Whitestown","cmp4ewfqi004c6alw3cwwv99c","active","0","0","not enabled","1","1","none","none","UNVERIFIED","School director + BEE implementation + finance reviewer; named ownership awaiting confirmation","Current source completeness and school signoff not certified","Obtain unchanged reports, expected counts and opening balance date; preview only","Import commit; invitation/access/PIN; billing; cutover; source archival require exact approvals"
"Kid City USA - Winter Park","cmp4ewct200326alw0pv1b74a","active","0","0","not enabled","1","1","none","none","UNVERIFIED","School director + BEE implementation + finance reviewer; named ownership awaiting confirmation","Current source completeness and school signoff not certified","Obtain unchanged reports, expected counts and opening balance date; preview only","Import commit; invitation/access/PIN; billing; cutover; source archival require exact approvals"
"Kid City USA - Winter Springs","cmp4ewcxl00346alwc6i7gbh0","active","943","1300","not enabled","1","1","2026-08-04 20:14:11.28","completed_with_review_items","UNVERIFIED","School director + BEE implementation + finance reviewer; named ownership awaiting confirmation","Current source completeness and school signoff not certified","Continue existing migration; obtain unchanged reports and reconcile counts, relationships, tuition and balances","Import commit; invitation/access/PIN; billing; cutover; source archival require exact approvals"
"Kid City USA - Woodland Park - East Midland","cmp4ew6o9000e6alwr3pjnm9p","active","0","0","true","1","1","none","none","UNVERIFIED","School director + BEE implementation + finance reviewer; named ownership awaiting confirmation","Current source completeness and school signoff not certified","Obtain unchanged reports, expected counts and opening balance date; preview only","Import commit; invitation/access/PIN; billing; cutover; source archival require exact approvals"
"Miss Honey's Learning Center - Centennial","cms3g2the000i6a7wdd8pa20s","active","123","145","true","1","1","2026-07-31 19:01:08.616","completed","UNVERIFIED","School director + BEE implementation + finance reviewer; named ownership awaiting confirmation","Current source completeness and school signoff not certified","Reconcile 15 teacher application records against 1 matching Auth identity; approve exact targets before access changes","Import commit; invitation/access/PIN; billing; cutover; source archival require exact approvals"
"Miss Honey's Learning Center - Cuzco","cms3hhqit00086axsxu1eidip","active","0","0","not enabled","1","1","none","none","UNVERIFIED","School director + BEE implementation + finance reviewer; named ownership awaiting confirmation","Current source completeness and school signoff not certified","Obtain unchanged reports, expected counts and opening balance date; preview only","Import commit; invitation/access/PIN; billing; cutover; source archival require exact approvals"
