"school","tenant","family_records","direct_operator_accounts","auth_linked_operator_accounts","next_action","required_owner","school_status"
"Kid City USA - Altamonte - Douglas","Kid City USA","0","1","1","Confirm director sign-in; prepare complete reports; preview in selected school","School director + BEE setup team; finance reviewer for balances","Source reports and school signoff pending"
"Kid City USA - Altamonte - Maitland","Kid City USA","0","1","1","Confirm director sign-in; prepare complete reports; preview in selected school","School director + BEE setup team; finance reviewer for balances","Source reports and school signoff pending"
"Kid City USA - Apopka","Kid City USA","0","1","1","Confirm director sign-in; prepare complete reports; preview in selected school","School director + BEE setup team; finance reviewer for balances","Source reports and school signoff pending"
"Kid City USA - Avon","Kid City USA","85","1","1","Continue existing migration; reconcile source and saved data before considering another upload","School director + BEE setup team; finance reviewer for balances","Source reports and school signoff pending"
"Kid City USA - Bargersville","Kid City USA","0","1","1","Confirm director sign-in; prepare complete reports; preview in selected school","School director + BEE setup team; finance reviewer for balances","Source reports and school signoff pending"
"Kid City USA - Canton","Kid City USA","74","1","1","Continue existing migration; reconcile source and saved data before considering another upload","School director + BEE setup team; finance reviewer for balances","Source reports and school signoff pending"
"Kid City USA - College Park","Kid City USA","0","1","1","Confirm director sign-in; prepare complete reports; preview in selected school","School director + BEE setup team; finance reviewer for balances","Source reports and school signoff pending"
"Kid City USA - Columbia","Kid City USA","0","1","1","Confirm director sign-in; prepare complete reports; preview in selected school","School director + BEE setup team; finance reviewer for balances","Source reports and school signoff pending"
"Kid City USA - Cordera (Colorado Springs)","Kid City USA","402","1","1","Continue existing migration; reconcile source and saved data before considering another upload","School director + BEE setup team; finance reviewer for balances","Source reports and school signoff pending"
"Kid City USA - Corpus Christi","Kid City USA","81","1","1","Continue existing migration; reconcile source and saved data before considering another upload","School director + BEE setup team; finance reviewer for balances","Source reports and school signoff pending"
"Kid City USA - Daytona Beach East","Kid City USA","0","1","1","Confirm director sign-in; prepare complete reports; preview in selected school","School director + BEE setup team; finance reviewer for balances","Source reports and school signoff pending"
"Kid City USA - Deltona - Howland","Kid City USA","0","2","2","Confirm director sign-in; prepare complete reports; preview in selected school","School director + BEE setup team; finance reviewer for balances","Source reports and school signoff pending"
"Kid City USA - Granbury","Kid City USA","253","1","1","Continue existing migration; reconcile source and saved data before considering another upload","School director + BEE setup team; finance reviewer for balances","Source reports and school signoff pending"
"Kid City USA - Greenwood","Kid City USA","53","1","1","Continue existing migration; reconcile source and saved data before considering another upload","School director + BEE setup team; finance reviewer for balances","Source reports and school signoff pending"
"Kid City USA - Highlands Ranch","Kid City USA","0","1","1","Confirm director sign-in; prepare complete reports; preview in selected school","School director + BEE setup team; finance reviewer for balances","Source reports and school signoff pending"
"Kid City USA - Holly Hill","Kid City USA","299","1","1","Continue existing migration; reconcile source and saved data before considering another upload","School director + BEE setup team; finance reviewer for balances","Source reports and school signoff pending"
"Kid City USA - Jasper - Baden Strasse","Kid City USA","0","1","1","Confirm director sign-in; prepare complete reports; preview in selected school","School director + BEE setup team; finance reviewer for balances","Source reports and school signoff pending"
"Kid City USA - Jasper - Truman","Kid City USA","1023","1","1","Continue existing migration; reconcile source and saved data before considering another upload","School director + BEE setup team; finance reviewer for balances","Source reports and school signoff pending"
"Kid City USA - Kokomo","Kid City USA","38","1","1","Continue existing migration; reconcile source and saved data before considering another upload","School director + BEE setup team; finance reviewer for balances","Source reports and school signoff pending"
"Kid City USA - Lake City","Kid City USA","0","1","1","Confirm director sign-in; prepare complete reports; preview in selected school","School director + BEE setup team; finance reviewer for balances","Source reports and school signoff pending"
"Kid City USA - Lewisburg","Kid City USA","0","1","1","Confirm director sign-in; prepare complete reports; preview in selected school","School director + BEE setup team; finance reviewer for balances","Source reports and school signoff pending"
"Kid City USA - Meridian Park","Kid City USA","0","0","0","Setup team can prepare reports; designate and approve the school operator before director-led upload","School director + BEE setup team; finance reviewer for balances","Source reports and school signoff pending"
"Kid City USA - Middleburg","Kid City USA","0","1","1","Confirm director sign-in; prepare complete reports; preview in selected school","School director + BEE setup team; finance reviewer for balances","Source reports and school signoff pending"
"Kid City USA - North Richland Hills","Kid City USA","0","1","1","Confirm director sign-in; prepare complete reports; preview in selected school","School director + BEE setup team; finance reviewer for balances","Source reports and school signoff pending"
"Kid City USA - NV | Las Vegas 2 - Bonanza","Kid City USA","0","0","0","Setup team can prepare reports; designate and approve the school operator before director-led upload","School director + BEE setup team; finance reviewer for balances","Source reports and school signoff pending"
"Kid City USA - Oakleaf","Kid City USA","58","1","1","Continue existing migration; reconcile source and saved data before considering another upload","School director + BEE setup team; finance reviewer for balances","Source reports and school signoff pending"
"Kid City USA - Oviedo","Kid City USA","0","1","1","Confirm director sign-in; prepare complete reports; preview in selected school","School director + BEE setup team; finance reviewer for balances","Source reports and school signoff pending"
"Kid City USA - Paradise","Kid City USA","29","1","1","Continue existing migration; reconcile source and saved data before considering another upload","School director + BEE setup team; finance reviewer for balances","Source reports and school signoff pending"
"Kid City USA - Petersburg","Kid City USA","133","1","1","Continue existing migration; reconcile source and saved data before considering another upload","School director + BEE setup team; finance reviewer for balances","Source reports and school signoff pending"
"Kid City USA - Pisgah Forest","Kid City USA","130","1","1","Continue existing migration; reconcile source and saved data before considering another upload","School director + BEE setup team; finance reviewer for balances","Source reports and school signoff pending"
"Kid City USA - Plainfield","Kid City USA","0","0","0","Setup team can prepare reports; designate and approve the school operator before director-led upload","School director + BEE setup team; finance reviewer for balances","Source reports and school signoff pending"
"Kid City USA - Pulaski TN","Kid City USA","0","1","1","Confirm director sign-in; prepare complete reports; preview in selected school","School director + BEE setup team; finance reviewer for balances","Source reports and school signoff pending"
"Kid City USA - Sarasota","Kid City USA","57","1","1","Continue existing migration; reconcile source and saved data before considering another upload","School director + BEE setup team; finance reviewer for balances","Source reports and school signoff pending"
"Kid City USA - Soddy Daisy","Kid City USA","0","1","1","Confirm director sign-in; prepare complete reports; preview in selected school","School director + BEE setup team; finance reviewer for balances","Source reports and school signoff pending"
"Kid City USA - Southpointe","Kid City USA","30","1","1","Continue existing migration; reconcile source and saved data before considering another upload","School director + BEE setup team; finance reviewer for balances","Source reports and school signoff pending"
"Kid City USA - St. Cloud","Kid City USA","0","1","1","Confirm director sign-in; prepare complete reports; preview in selected school","School director + BEE setup team; finance reviewer for balances","Source reports and school signoff pending"
"Kid City USA - Vero Beach","Kid City USA","0","1","1","Confirm director sign-in; prepare complete reports; preview in selected school","School director + BEE setup team; finance reviewer for balances","Source reports and school signoff pending"
"Kid City USA - Wekiva","Kid City USA","0","1","1","Confirm director sign-in; prepare complete reports; preview in selected school","School director + BEE setup team; finance reviewer for balances","Source reports and school signoff pending"
"Kid City USA - Westfield","Kid City USA","0","1","1","Confirm director sign-in; prepare complete reports; preview in selected school","School director + BEE setup team; finance reviewer for balances","Source reports and school signoff pending"
"Kid City USA - Whitestown","Kid City USA","0","1","1","Confirm director sign-in; prepare complete reports; preview in selected school","School director + BEE setup team; finance reviewer for balances","Source reports and school signoff pending"
"Kid City USA - Winter Park","Kid City USA","0","1","1","Confirm director sign-in; prepare complete reports; preview in selected school","School director + BEE setup team; finance reviewer for balances","Source reports and school signoff pending"
"Kid City USA - Winter Springs","Kid City USA","943","1","1","Continue existing migration; reconcile source and saved data before considering another upload","School director + BEE setup team; finance reviewer for balances","Source reports and school signoff pending"
"Kid City USA - Woodland Park - East Midland","Kid City USA","0","1","1","Confirm director sign-in; prepare complete reports; preview in selected school","School director + BEE setup team; finance reviewer for balances","Source reports and school signoff pending"
"Miss Honey's Learning Center - Centennial","Miss Honey's Learning Center","122","1","1","Continue existing migration; reconcile source and saved data before considering another upload","School director + BEE setup team; finance reviewer for balances","Source reports and school signoff pending"
"Miss Honey's Learning Center - Cuzco","Miss Honey's Learning Center","0","1","1","Confirm director sign-in; prepare complete reports; preview in selected school","School director + BEE setup team; finance reviewer for balances","Source reports and school signoff pending"
