school,brand,families,classrooms,staff,stripe_state,past_due_fields
"Kid City USA - Altamonte - Douglas","kid-city-usa","0","0","1","blocked","company.owners_provided;external_account;owners.email;owners.first_name;owners.last_name;tos_acceptance.date;tos_acceptance.ip"
"Kid City USA - Altamonte - Maitland","kid-city-usa","0","0","1","blocked","company.owners_provided;external_account;owners.email;owners.first_name;owners.last_name;tos_acceptance.date;tos_acceptance.ip"
"Kid City USA - Apopka","kid-city-usa","0","0","1","blocked","company.owners_provided;external_account;owners.email;owners.first_name;owners.last_name;tos_acceptance.date;tos_acceptance.ip"
"Kid City USA - Avon","kid-city-usa","85","8","1","blocked","company.owners_provided;external_account;owners.email;owners.first_name;owners.last_name;tos_acceptance.date;tos_acceptance.ip"
"Kid City USA - Bargersville","kid-city-usa","0","0","1","blocked","company.owners_provided;company.tax_id;external_account;owners.email;owners.first_name;owners.last_name;representative.address.city;representative.address.line1;representative.address.postal_code;representative.address.state;representative.dob.day;representative.dob.month;representative.dob.year;representative.email;representative.first_name;representative.last_name;representative.phone;representative.relationship.title;representative.ssn_last_4;tos_acceptance.date;tos_acceptance.ip"
"Kid City USA - Canton","kid-city-usa","73","12","16","charges_and_payouts_enabled",""
"Kid City USA - College Park","kid-city-usa","0","0","1","blocked","company.owners_provided;external_account;owners.email;owners.first_name;owners.last_name;tos_acceptance.date;tos_acceptance.ip"
"Kid City USA - Columbia","kid-city-usa","0","0","1","blocked","company.owners_provided;external_account;owners.email;owners.first_name;owners.last_name;tos_acceptance.date;tos_acceptance.ip"
"Kid City USA - Cordera (Colorado Springs)","kid-city-usa","401","6","7","charges_and_payouts_enabled",""
"Kid City USA - Corpus Christi","kid-city-usa","81","6","1","charges_and_payouts_enabled",""
"Kid City USA - Daytona Beach East","kid-city-usa","0","0","1","blocked","company.owners_provided;external_account;owners.email;owners.first_name;owners.last_name;representative.address.city;representative.address.line1;representative.address.postal_code;representative.address.state;representative.dob.day;representative.dob.month;representative.dob.year;representative.email;representative.first_name;representative.last_name;representative.phone;representative.relationship.title;representative.ssn_last_4;tos_acceptance.date;tos_acceptance.ip"
"Kid City USA - DeLand - Ameila","kid-city-usa","0","0","1","blocked","company.owners_provided;external_account;owners.email;owners.first_name;owners.last_name;tos_acceptance.date;tos_acceptance.ip"
"Kid City USA - DeLand - Orange","kid-city-usa","0","0","1","blocked","company.owners_provided;external_account;owners.email;owners.first_name;owners.last_name;tos_acceptance.date;tos_acceptance.ip"
"Kid City USA - Deltona - Howland","kid-city-usa","0","0","1","blocked","company.owners_provided;external_account;owners.email;owners.first_name;owners.last_name;tos_acceptance.date;tos_acceptance.ip"
"Kid City USA - Friendswood","kid-city-usa","0","0","1","charges_and_payouts_enabled",""
"Kid City USA - Fruit Cove","kid-city-usa","0","0","1","blocked","company.owners_provided;external_account;owners.email;owners.first_name;owners.last_name;tos_acceptance.date;tos_acceptance.ip"
"Kid City USA - Glen St. Mary","kid-city-usa","0","0","1","blocked","company.owners_provided;external_account;owners.email;owners.first_name;owners.last_name;tos_acceptance.date;tos_acceptance.ip"
"Kid City USA - Granbury","kid-city-usa","252","7","1","charges_and_payouts_enabled",""
"Kid City USA - Greenwood","kid-city-usa","53","10","151","charges_and_payouts_enabled",""
"Kid City USA - Hampton","kid-city-usa","0","0","1","blocked","company.owners_provided;external_account;owners.email;owners.first_name;owners.last_name;tos_acceptance.date;tos_acceptance.ip"
"Kid City USA - Highlands Ranch","kid-city-usa","0","0","1","charges_and_payouts_enabled",""
"Kid City USA - Holly Hill","kid-city-usa","297","9","18","charges_and_payouts_enabled",""
"Kid City USA - Jasper - Baden Strasse","kid-city-usa","0","0","1","blocked","company.owners_provided;external_account;owners.email;owners.first_name;owners.last_name;tos_acceptance.date;tos_acceptance.ip"
"Kid City USA - Jasper - Truman","kid-city-usa","1023","8","1","blocked","company.owners_provided;external_account;owners.email;owners.first_name;owners.last_name;tos_acceptance.date;tos_acceptance.ip"
"Kid City USA - Kokomo","kid-city-usa","36","12","21","charges_and_payouts_enabled",""
"Kid City USA - Lake City","kid-city-usa","0","0","1","blocked","company.owners_provided;external_account;owners.email;owners.first_name;owners.last_name;tos_acceptance.date;tos_acceptance.ip"
"Kid City USA - Lake Wales","kid-city-usa","0","6","2","blocked","company.owners_provided;external_account;owners.email;owners.first_name;owners.last_name;tos_acceptance.date;tos_acceptance.ip"
"Kid City USA - Leesburg","kid-city-usa","0","0","1","blocked","company.owners_provided;external_account;owners.email;owners.first_name;owners.last_name;tos_acceptance.date;tos_acceptance.ip"
"Kid City USA - Lewisburg","kid-city-usa","0","0","1","blocked","company.owners_provided;external_account;owners.email;owners.first_name;owners.last_name;tos_acceptance.date;tos_acceptance.ip"
"Kid City USA - Longmont","kid-city-usa","362","8","1","charges_and_payouts_enabled",""
"Kid City USA - MacClenny","kid-city-usa","0","0","1","blocked","company.owners_provided;external_account;owners.email;owners.first_name;owners.last_name;tos_acceptance.date;tos_acceptance.ip"
"Kid City USA - Middleburg","kid-city-usa","0","0","1","charges_and_payouts_enabled",""
"Kid City USA - North Richland Hills","kid-city-usa","0","0","1","charges_and_payouts_enabled",""
"Kid City USA - Oakleaf","kid-city-usa","57","17","4","charges_and_payouts_enabled",""
"Kid City USA - Oviedo","kid-city-usa","0","0","1","blocked","company.owners_provided;external_account;owners.email;owners.first_name;owners.last_name;tos_acceptance.date;tos_acceptance.ip"
"Kid City USA - Palatka","kid-city-usa","0","0","1","blocked","company.owners_provided;external_account;owners.email;owners.first_name;owners.last_name;tos_acceptance.date;tos_acceptance.ip"
"Kid City USA - Paradise","kid-city-usa","29","5","1","blocked","company.owners_provided;external_account;owners.email;owners.first_name;owners.last_name;tos_acceptance.date;tos_acceptance.ip"
"Kid City USA - Petersburg","kid-city-usa","133","6","3","charges_and_payouts_enabled",""
"Kid City USA - Pilot Point","kid-city-usa","0","0","1","blocked","company.owners_provided;external_account;owners.email;owners.first_name;owners.last_name;tos_acceptance.date;tos_acceptance.ip"
"Kid City USA - Pisgah Forest","kid-city-usa","127","10","21","charges_and_payouts_enabled",""
"Kid City USA - Port Orange","kid-city-usa","0","0","1","blocked","company.owners_provided;external_account;owners.email;owners.first_name;owners.last_name;tos_acceptance.date;tos_acceptance.ip"
"Kid City USA - Pulaski TN","kid-city-usa","0","0","1","blocked","company.owners_provided;external_account;owners.email;owners.first_name;owners.last_name;tos_acceptance.date;tos_acceptance.ip"
"Kid City USA - Sanford","kid-city-usa","0","0","1","blocked","company.owners_provided;external_account;owners.email;owners.first_name;owners.last_name;tos_acceptance.date;tos_acceptance.ip"
"Kid City USA - Sarasota","kid-city-usa","57","12","1","blocked","company.owners_provided;external_account;owners.email;owners.first_name;owners.last_name;tos_acceptance.date;tos_acceptance.ip"
"Kid City USA - Soddy Daisy","kid-city-usa","0","0","1","blocked","company.owners_provided;external_account;owners.email;owners.first_name;owners.last_name;tos_acceptance.date;tos_acceptance.ip"
"Kid City USA - South Daytona","kid-city-usa","0","0","1","blocked","company.owners_provided;external_account;owners.email;owners.first_name;owners.last_name;tos_acceptance.date;tos_acceptance.ip"
"Kid City USA - Southpointe","kid-city-usa","30","8","65","charges_and_payouts_enabled",""
"Kid City USA - St. Cloud","kid-city-usa","0","0","1","blocked","company.owners_provided;external_account;owners.email;owners.first_name;owners.last_name;tos_acceptance.date;tos_acceptance.ip"
"Kid City USA - Starke","kid-city-usa","0","0","1","blocked","company.owners_provided;external_account;owners.email;owners.first_name;owners.last_name;representative.address.city;representative.address.line1;representative.address.postal_code;representative.address.state;representative.dob.day;representative.dob.month;representative.dob.year;representative.email;representative.first_name;representative.last_name;representative.phone;representative.relationship.title;representative.ssn_last_4;tos_acceptance.date;tos_acceptance.ip"
"Kid City USA - Tyler","kid-city-usa","406","14","21","blocked","company.owners_provided;external_account;owners.email;owners.first_name;owners.last_name;tos_acceptance.date;tos_acceptance.ip"
"Kid City USA - Vero Beach","kid-city-usa","0","0","0","blocked","company.owners_provided;external_account;owners.email;owners.first_name;owners.last_name;tos_acceptance.date;tos_acceptance.ip"
"Kid City USA - Wekiva","kid-city-usa","0","0","1","blocked","company.owners_provided;external_account;owners.email;owners.first_name;owners.last_name;tos_acceptance.date;tos_acceptance.ip"
"Kid City USA - Westfield","kid-city-usa","0","0","1","blocked","company.owners_provided;external_account;owners.email;owners.first_name;owners.last_name;tos_acceptance.date;tos_acceptance.ip"
"Kid City USA - Whitestown","kid-city-usa","0","0","1","blocked","company.owners_provided;company.tax_id;external_account;owners.email;owners.first_name;owners.last_name;representative.address.city;representative.address.line1;representative.address.postal_code;representative.address.state;representative.dob.day;representative.dob.month;representative.dob.year;representative.email;representative.first_name;representative.last_name;representative.phone;representative.relationship.title;representative.ssn_last_4;tos_acceptance.date;tos_acceptance.ip"
"Kid City USA - Winter Park","kid-city-usa","0","0","1","blocked","external_account;tos_acceptance.date;tos_acceptance.ip"
"Kid City USA - Winter Springs","kid-city-usa","943","17","1","blocked","company.owners_provided;external_account;owners.email;owners.first_name;owners.last_name;tos_acceptance.date;tos_acceptance.ip"
"Kid City USA - Woodland Park - East Midland","kid-city-usa","0","0","1","charges_and_payouts_enabled",""
"Miss Honey's Learning Center - Centennial","miss-honeys-learning-center","121","7","14","charges_and_payouts_enabled",""
"Miss Honey's Learning Center - Cuzco","miss-honeys-learning-center","0","0","0","missing_saved_account",""
